id,name,model_id:id,group_id:id,perm_read,perm_write,perm_create,perm_unlink
access_room_facility,room.facility,model_room_facility,,1,1,1,1
access_room_category,room.category,model_room_category,,1,1,1,1
access_room_type,room.type,model_room_type,,1,1,1,1
access_room_floor,room.floor,model_room_floor,,1,1,1,1
access_hotel_room,hotel.room,model_hotel_room,,1,1,1,1
access_room_status,hotel.status,model_room_status,,1,1,1,1
access_vehicle_type,vehicle.type,model_vehicle_type,,1,1,1,1
access_vehicle_detail,vehicle.detail,model_vehicle_detail,,1,1,1,1
access_laundry_service,laundry.service,model_laundry_service,,1,1,1,1
access_laundry_item,laundry.item,model_laundry_item,,1,1,1,1
access_bar_menu,bar.menu,model_bar_menu,,1,1,1,1
access_food_category,food.category,model_food_category,,1,1,1,1
access_food_food,food.food,model_food_food,,1,1,1,1
access_amenity_type,amenity.type,model_amenity_type,,1,1,1,1
access_amenity_amenity,amenity.amenity,model_amenity_amenity,,1,1,1,1
access_booking_inquiry,booking.inquiry,model_booking_inquiry,,1,1,1,1
access_hall_hall,hall.hall,model_hall_hall,,1,1,1,1
access_hall_booking,hall.booking,model_hall_booking,,1,1,1,1
access_create_booking_wizard,create.booking.wizard,model_create_booking_wizard,,1,1,1,1
access_advance_payment_wizard,advance.payment.wizard,model_advance_payment_wizard,,1,1,1,1
access_table_booking,table.booking,model_table_booking,,1,1,1,1
access_table_number,table.number,model_table_number,,1,1,1,1
access_room_booking,room.booking,model_room_booking,,1,1,1,1
access_room_booking_line,room.booking.line,model_room_booking_line,,1,1,1,1
access_proof_detail,proof.detail,model_proof_detail,,1,1,1,1
access_transport_service,transport.service,model_transport_service,,1,1,1,1
access_booking_amenity,booking.amenity,model_booking_amenity,,1,1,1,1
access_hotel_laundry,hotel.laundry,model_hotel_laundry,,1,1,1,1
access_room_restaurant,room.restaurant,model_room_restaurant,,1,1,1,1
access_room_restaurant_food,room.restaurant.food,model_room_restaurant_food,,1,1,1,1
access_bar_service,bar.service,model_bar_service,,1,1,1,1
access_extra_service,extra.service,model_extra_service,,1,1,1,1
access_table_order,table.order,model_table_order,,1,1,1,1
access_table_order_list,table.order.list,model_table_order_list,,1,1,1,1
access_order_kot,order.kot,model_order_kot,,1,1,1,1
access_kot_order_list,kot.order.list,model_kot_order_list,,1,1,1,1
access_housekeeping_service,housekeeping.service,model_housekeeping_service,,1,1,1,1
access_booking_report_wizard,booking.report.wizard,model_booking_report_wizard,,1,1,1,1
access_date_wise_room_booking,date.wise.room.booking,model_date_wise_room_booking,,1,1,1,1
