<?xml version="1.0" encoding="utf-8" ?>
<odoo>

    <record id="group_hotel_manager" model="res.groups">
        <field name="name">Hotel Manager</field>
    </record>
    <record id="group_hotel_transport_user" model="res.groups">
        <field name="name">Transport User</field>
    </record>
    <record id="group_hotel_reception_user" model="res.groups">
        <field name="name">Reception User</field>
    </record>
    <record id="group_hotel_housekeeping_user" model="res.groups">
        <field name="name">Housekeeping User</field>
    </record>
    <record id="group_hotel_laundry_user" model="res.groups">
        <field name="name">Laundry User</field>
    </record>
    <record id="group_hotel_restaurant_user" model="res.groups">
        <field name="name">Restaurant User</field>
    </record>



</odoo>