<?xml version="1.0" ?>
<odoo>
	<data noupdate="1">
		<record id="email_template_confirm_inquiry" model="mail.template">
			<field name="name">Inquiry Booking : Confirmation</field>
			<field name="model_id" ref="advance_hotel_management_app.model_booking_inquiry"/>
			<field name="email_from">{{object.user_id.email_formatted or user_id.email_formatted}}</field>
			<field name="email_to">{{object.email}}</field>
			<field name="lang">{{object.company_id.partner_id.lang}}</field>
			<field name="auto_delete" eval="True"/>
		</record>

		<record id="email_template_room_booking" model="mail.template">
			<field name="name">Room Booking</field>
			<field name="model_id" ref="advance_hotel_management_app.model_room_booking"/>
			<field name="email_from">{{object.user_id.email_formatted or user_id.email_formatted}}</field>
			<field name="email_to">${{object.partner_id.email}}</field>
<!--			<field name="partner_to">${object.partner_id.id}</field>-->
			<field name="report_template" ref="advance_hotel_management_app.action_room_booking_report"/>
			<field name="report_name">Room_Booking_{{object.name or ''}}</field>
			<field name="lang">{{object.partner_id.lang}}</field>
			<field name="auto_delete" eval="True"/>
		</record>

	</data>
</odoo>
