<?xml version="1.0" encoding="utf-8"?>
<odoo>

     <record model="report.paperformat" id="inquiry_booking_report_paperformat">
        <field name="name">Inquiry Booking Report</field>
        <field name="default" eval="True"/>
        <field name="format">A4</field>
        <field name="page_width">0</field>
        <field name="page_width">0</field>
        <field name="orientation">Portrait</field>
        <field name="margin_top">45</field>
        <field name="margin_right">5</field>
        <field name="margin_bottom">15</field>
        <field name="margin_left">5</field>
        <field name="header_line" eval="False"/>
        <field name="header_spacing">40</field>
        <field name="dpi">90</field>
    </record>

</odoo>
