<?xml version="1.0" encoding="utf-8"?>
<odoo>
    <data noupdate="1">

        <record id="seq_room_floor" model="ir.sequence">
            <field name="name">Floor</field>
            <field name="code">room.floor</field>
            <field name="prefix">RF-</field>
            <field name="padding">4</field>
            <field name="company_id" eval="False"/>
        </record>
        <record id="seq_vehicle_detail" model="ir.sequence">
            <field name="name">Vehicle Detail</field>
            <field name="code">vehicle.detail</field>
            <field name="prefix">VHCL-</field>
            <field name="padding">4</field>
            <field name="company_id" eval="False"/>
        </record>
        <record id="seq_bar_menu" model="ir.sequence">
            <field name="name">Bar Menu</field>
            <field name="code">bar.menu</field>
            <field name="prefix">BAR-</field>
            <field name="padding">4</field>
            <field name="company_id" eval="False"/>
        </record>
        <record id="seq_food_food" model="ir.sequence">
            <field name="name">Food</field>
            <field name="code">food.food</field>
            <field name="prefix">FD-</field>
            <field name="padding">4</field>
            <field name="company_id" eval="False"/>
        </record>
        <record id="seq_booking_inquiry" model="ir.sequence">
            <field name="name">Booking Inquiry</field>
            <field name="code">booking.inquiry</field>
            <field name="prefix">INQ-</field>
            <field name="padding">4</field>
            <field name="company_id" eval="False"/>
        </record>
        <record id="seq_booking_hall" model="ir.sequence">
            <field name="name">Hall Booking</field>
            <field name="code">hall.booking</field>
            <field name="prefix">HL-</field>
            <field name="padding">4</field>
            <field name="company_id" eval="False"/>
        </record>
        <record id="seq_table_booking" model="ir.sequence">
            <field name="name">Table Booking</field>
            <field name="code">table.booking</field>
            <field name="prefix">TB-</field>
            <field name="padding">4</field>
            <field name="company_id" eval="False"/>
        </record>
        <record id="seq_table_order" model="ir.sequence">
            <field name="name">Table Order</field>
            <field name="code">table.order</field>
            <field name="prefix">TORD-</field>
            <field name="padding">4</field>
            <field name="company_id" eval="False"/>
        </record>
       <record id="seq_table_number" model="ir.sequence">
            <field name="name">Table Number</field>
            <field name="code">table.number</field>
            <field name="prefix">TN-</field>
            <field name="padding">4</field>
            <field name="company_id" eval="False"/>
        </record>
        <record id="seq_room_booking" model="ir.sequence">
            <field name="name">Room Booking</field>
            <field name="code">room.booking</field>
            <field name="prefix">HB-</field>
            <field name="padding">4</field>
            <field name="company_id" eval="False"/>
        </record>
        <record id="seq_transport_service" model="ir.sequence">
            <field name="name">Transport Service</field>
            <field name="code">transport.service</field>
            <field name="prefix">TPS-</field>
            <field name="padding">4</field>
            <field name="company_id" eval="False"/>
        </record>
        <record id="seq_hotel_laundry" model="ir.sequence">
            <field name="name">Laundry</field>
            <field name="code">hotel.laundry</field>
            <field name="prefix">LDS-</field>
            <field name="padding">4</field>
            <field name="company_id" eval="False"/>
        </record>
        <record id="seq_room_restaurant" model="ir.sequence">
            <field name="name">Room Restaurant</field>
            <field name="code">room.restaurant</field>
            <field name="prefix">RRO-</field>
            <field name="padding">4</field>
            <field name="company_id" eval="False"/>
        </record>
        <record id="seq_bar_service" model="ir.sequence">
            <field name="name">Bar</field>
            <field name="code">bar.service</field>
            <field name="prefix">BRS-</field>
            <field name="padding">4</field>
            <field name="company_id" eval="False"/>
        </record>
        <record id="seq_order_kot" model="ir.sequence">
            <field name="name">KOT</field>
            <field name="code">order.kot</field>
            <field name="prefix">KOT-</field>
            <field name="padding">4</field>
            <field name="company_id" eval="False"/>
        </record>
        <record id="seq_housekeeping_service" model="ir.sequence">
            <field name="name">Housekeeping Service</field>
            <field name="code">housekeeping.service</field>
            <field name="prefix">HK-</field>
            <field name="padding">4</field>
            <field name="company_id" eval="False"/>
        </record>
    </data>
</odoo>
