<?xml version="1.0" encoding="UTF-8"?>

<templates id="template" xml:space="preserve">
    <t t-name="advance_hotel_management_app.Dashboard">
        <div class="o_dashboards" style="height: 100%;">
			<div class="o_helpdesk_dashboard o_website_dashboard" style="height: 100%;">
				<div class="o_dashboard_common" style="height: 100%;">
					<div class="container o_dashboard_stage" style="background-color:#f9fab4;margin-top: 20px;margin-bottom: 20px;height: 200%;"/>
				</div>
			</div>
		</div>
    </t>
    <t t-name="advance_hotel_management_app.dashboard_view">
        <div class="row">

        </div>
        <br/>
        <h1><center><span t-esc="widget.company_name"/></center></h1>
        <br/>
        <h2><center>Booking</center></h2>
        <div class="row" align="center">
             <div class="column" style="cursor: pointer;">
                <div class="card-view" style="background-color:#03fc28;border:3 px solid black;border-style: dotted;border-radius: 80px 40px 14px 10px;animation: mymove 5s infinite; ">
                    <strong>
                        <i style="float: left;font-size: 24px;margin-top: 2px; color: blue;"/> <!--class="fa fa-plus" -->
                        <span>Room Booking</span>
                    </strong>
                    <span style="float: right;"><strong><span t-esc="widget.room_booking"/></strong></span>
                </div>
            </div>
            <div class="column" style="cursor: pointer;">
                <div class="card-view" style="background-color:#03fc28;border:3 px solid black;border-style: dotted;border-radius: 80px 40px 14px 10px;animation: mymove 5s infinite; ">
                    <strong>
                        <i style="float: left;font-size: 24px;margin-top: 2px; color: blue;"/> <!--class="fa fa-plus" -->
                        <span>Draft Inquiry</span>
                    </strong>
                    <span style="float: right;"><strong><span t-esc="widget.draft_inquiry"/></strong></span>
                </div>
            </div>

            <div class="column" style="cursor: pointer;">
                <div class="card-view" style="background-color:#03fc28;border:3 px solid black;border-style: dotted;border-radius: 80px 40px 14px 10px;animation: mymove 5s infinite; ">
                    <strong>
                        <i style="float: left;font-size: 24px;margin-top: 2px; color: blue;"/> <!--class="fa fa-plus" -->
                        <span>Today Checkin</span>
                    </strong>
                    <span style="float: right;"><strong><span t-esc="widget.today_in"/></strong></span>
                </div>
            </div>
            <div class="column" style="cursor: pointer;">
                <div class="card-view" style="background-color:#03fc28;border:3 px solid black;border-style: dotted;border-radius: 80px 40px 14px 10px;animation: mymove 5s infinite; ">
                    <strong>
                        <i style="float: left;font-size: 24px;margin-top: 2px; color: blue;"/> <!--class="fa fa-plus" -->
                        <span>Today Checkout</span>
                    </strong>
                    <span style="float: right;"><strong><span t-esc="widget.today_out"/></strong></span>
                </div>
            </div>

		</div>
        <br/>
        <br/>
        <h2><center>Service</center></h2>
        <div class="row" align="center">
             <div class="column" style="cursor: pointer;">
                <div class="card-view" style="background-color:#e4affa;border:3 px solid black;border-style: dashed;border-radius: 18px 45px 14px 10px;animation: mymove 5s infinite; ">
                    <strong>
                        <i style="float: left;font-size: 24px;margin-top: 2px; color: blue;"/> <!--class="fa fa-plus" -->
                        <span>Hall Booking</span>
                    </strong>
                    <span style="float: right;"><strong><span t-esc="widget.hall_booking"/></strong></span>
                </div>
            </div>
            <div class="column" style="cursor: pointer;">
                <div class="card-view" style="background-color:#e4affa;border:3 px solid black;border-style: dashed;border-radius: 18px 45px 14px 10px;animation: mymove 5s infinite; ">
                    <strong>
                        <i style="float: left;font-size: 24px;margin-top: 2px; color: blue;"/> <!--class="fa fa-plus" -->
                        <span>Laundry</span>
                    </strong>
                    <span style="float: right;"><strong><span t-esc="widget.laundry"/></strong></span>
                </div>
            </div>

            <div class="column" style="cursor: pointer;">
                <div class="card-view" style="background-color:#e4affa;border:3 px solid black;border-style: dashed;border-radius: 18px 45px 14px 10px;animation: mymove 5s infinite; ">
                    <strong>
                        <i style="float: left;font-size: 24px;margin-top: 2px; color: blue;"/> <!--class="fa fa-plus" -->
                        <span>Transport</span>
                    </strong>
                    <span style="float: right;"><strong><span t-esc="widget.transport"/></strong></span>
                </div>
            </div>
            <div class="column" style="cursor: pointer;">
                <div class="card-view" style="background-color:#e4affa;border:3 px solid black;border-style: dashed;border-radius: 18px 45px 14px 10px;animation: mymove 5s infinite; ">
                    <strong>
                        <i style="float: left;font-size: 24px;margin-top: 2px; color: blue;"/> <!--class="fa fa-plus" -->
                        <span>Housekeeping</span>
                    </strong>
                    <span style="float: right;"><strong><span t-esc="widget.housekeeping"/></strong></span>
                </div>
            </div>

		</div>

        <br/>
        <br/>
        <h2><center>Restaurant</center></h2>
        <div class="row" align="center">
             <div class="column" style="cursor: pointer;">
                <div class="card-view" style="background-color:#3205fc;color:yellow;;border:3 px solid black;border-style: double;border-radius: 18px 20px 60px 10px;animation: mymove 5s infinite; ">
                    <strong>
                        <i style="float: left;font-size: 24px;margin-top: 2px; color: blue;"/> <!--class="fa fa-plus" -->
                        <span>Room Order</span>
                    </strong>
                    <span style="float: right;"><strong><span t-esc="widget.room_order"/></strong></span>
                </div>
            </div>
            <div class="column" style="cursor: pointer;">
                <div class="card-view" style="background-color:#3205fc;color:yellow;;border:3 px solid black;border-style: double;border-radius: 18px 20px 60px 10px;animation: mymove 5s infinite; ">
                    <strong>
                        <i style="float: left;font-size: 24px;margin-top: 2px; color: blue;"/> <!--class="fa fa-plus" -->
                        <span>Table Booking</span>
                    </strong>
                    <span style="float: right;"><strong><span t-esc="widget.table_booking"/></strong></span>
                </div>
            </div>

            <div class="column" style="cursor: pointer;">
                <div class="card-view" style="background-color:#3205fc;color:yellow;;border:3 px solid black;border-style: double;border-radius: 18px 20px 60px 10px;animation: mymove 5s infinite; ">
                    <strong>
                        <i style="float: left;font-size: 24px;margin-top: 2px; color: blue;"/> <!--class="fa fa-plus" -->
                        <span>Order</span>
                    </strong>
                    <span style="float: right;"><strong><span t-esc="widget.order"/></strong></span>
                </div>
            </div>
            <div class="column" style="cursor: pointer;">
                <div class="card-view" style="background-color:#3205fc;color:yellow;;border:3 px solid black;border-style: double;border-radius: 18px 20px 60px 10px;animation: mymove 5s infinite; ">
                    <strong>
                        <i style="float: left;font-size: 24px;margin-top: 2px; color: blue;"/> <!--class="fa fa-plus" -->
                        <span>Table Available</span>
                    </strong>
                    <span style="float: right;"><strong><span t-esc="widget.available"/></strong></span>
                </div>
            </div>
		</div>

        <br/>
        <br/>
        <h2><center>Staff</center></h2>
        <div class="row" align="center">
             <div class="column" style="cursor: pointer;">
                <div class="card-view" style="background-color:#fc9003;border:3 px solid black;border-style: dotted dashed solid double;;border-radius: 18px 20px 30px 10px;animation: mymove 5s infinite; ">
                    <strong>
                        <i style="float: left;font-size: 24px;margin-top: 2px; color: blue;"/> <!--class="fa fa-plus" -->
                        <span>Staff</span>
                    </strong>
                    <span style="float: right;"><strong><span t-esc="widget.employee"/></strong></span>
                </div>
            </div>
            <div class="column" style="cursor: pointer;">
                <div class="card-view" style="background-color:#fc9003;border:3 px solid black;border-style: dotted dashed solid double;;border-radius: 18px 20px 30px 10px;animation: mymove 5s infinite; ">
                    <strong>
                        <i style="float: left;font-size: 24px;margin-top: 2px; color: blue;"/> <!--class="fa fa-plus" -->
                        <span>Today Attendance</span>
                    </strong>
                    <span style="float: right;"><strong><span t-esc="widget.attendance"/></strong></span>
                </div>
            </div>

            <div class="column" style="cursor: pointer;">
                <div class="card-view" style="background-color:#fc9003;border:3 px solid black;border-style: dotted dashed solid double;;border-radius: 18px 20px 30px 10px;animation: mymove 5s infinite; ">
                    <strong>
                        <i style="float: left;font-size: 24px;margin-top: 2px; color: blue;"/> <!--class="fa fa-plus" -->
                        <span>Today Leave</span>
                    </strong>
                    <span style="float: right;"><strong><span t-esc="widget.leave"/></strong></span>
                </div>
            </div>
		</div>

    </t>
</templates>